Date,Restaurant,num_fish,num_chicken,num_vegetarian,num_meat,pcs_Not Mapped,num_vegan,carbon_emissions_sum
2023-01-02,600 Chemicum,85.0,0.0,0.0,171.0,0.0,91.0,273.82
2023-01-03,600 Chemicum,163.0,0.0,32.0,78.0,0.0,120.0,275.97
2023-01-04,600 Chemicum,70.0,0.0,0.0,218.0,0.0,137.0,246.55
2023-01-05,600 Chemicum,232.0,85.0,0.0,2.0,0.0,178.0,298.02
2023-01-09,600 Chemicum,107.0,0.0,0.0,283.0,0.0,216.0,402.71
2023-01-09,610 Physicum,1.0,15.0,11.0,0.0,0.0,6.0,26.67
2023-01-09,620 Exactum,49.0,0.0,0.0,0.0,0.0,50.0,58.18
2023-01-10,600 Chemicum,32.0,0.0,77.0,33.0,0.0,174.0,159.62
2023-01-10,610 Physicum,0.0,21.0,18.0,5.0,0.0,9.0,41.36
2023-01-10,620 Exactum,41.0,74.0,15.0,0.0,0.0,77.0,135.17
2023-01-11,600 Chemicum,87.0,286.0,49.0,41.0,0.0,164.0,353.75
2023-01-11,610 Physicum,11.0,22.0,20.0,4.0,0.0,10.0,56.26
2023-01-11,620 Exactum,4.0,12.0,0.0,0.0,0.0,130.0,68.59
2023-01-12,600 Chemicum,245.0,93.0,0.0,21.0,0.0,243.0,339.51
2023-01-12,610 Physicum,0.0,24.0,16.0,5.0,0.0,16.0,43.4
2023-01-12,620 Exactum,63.0,0.0,0.0,0.0,0.0,97.0,92.07
2023-01-13,600 Chemicum,112.0,260.0,0.0,5.0,0.0,238.0,317.8
2023-01-13,610 Physicum,0.0,13.0,24.0,5.0,0.0,14.0,43.77
2023-01-13,620 Exactum,81.0,0.0,0.0,0.0,0.0,54.0,90.55
2023-01-16,600 Chemicum,201.0,45.0,0.0,383.0,0.0,373.0,642.88
2023-01-16,610 Physicum,8.0,58.0,59.0,32.0,0.0,32.0,151.23
2023-01-16,620 Exactum,11.0,144.0,0.0,0.0,0.0,245.0,300.42
2023-01-17,600 Chemicum,373.0,20.0,147.0,0.0,0.0,448.0,512.74
2023-01-17,610 Physicum,27.0,38.0,57.0,23.0,0.0,28.0,140.72
2023-01-17,620 Exactum,113.0,11.0,39.0,0.0,0.0,155.0,192.59
2023-01-18,600 Chemicum,314.0,264.0,0.0,0.0,0.0,308.0,598.6
2023-01-18,610 Physicum,12.0,58.0,44.0,18.0,0.0,36.0,129.74
2023-01-18,620 Exactum,139.0,0.0,70.0,0.0,0.0,174.0,282.03
2023-01-19,600 Chemicum,35.0,395.0,0.0,0.0,0.0,272.0,324.69
2023-01-19,610 Physicum,4.0,63.0,52.0,22.0,0.0,30.0,138.77
2023-01-19,620 Exactum,20.0,96.0,15.0,0.0,0.0,128.0,133.08
2023-01-20,600 Chemicum,233.0,0.0,0.0,312.0,0.0,306.0,571.6
2023-01-20,610 Physicum,6.0,37.0,48.0,20.0,0.0,27.0,110.64
2023-01-20,620 Exactum,92.0,28.0,0.0,0.0,0.0,135.0,135.61
2023-01-23,600 Chemicum,188.0,0.0,0.0,509.0,0.0,202.0,558.14
2023-01-23,610 Physicum,12.0,48.0,41.0,23.0,0.0,35.0,120.65
2023-01-23,620 Exactum,80.0,0.0,0.0,4.0,0.0,219.0,154.89
2023-01-24,600 Chemicum,353.0,25.0,0.0,24.0,0.0,559.0,560.54
2023-01-24,610 Physicum,10.0,66.0,52.0,21.0,0.0,31.0,144.02
2023-01-24,620 Exactum,139.0,0.0,20.0,35.0,0.0,98.0,155.0
2023-01-25,600 Chemicum,155.0,350.0,0.0,0.0,0.0,390.0,526.19
2023-01-25,610 Physicum,19.0,36.0,62.0,39.0,0.0,40.0,151.47
2023-01-25,620 Exactum,91.0,1.0,0.0,135.0,0.0,166.0,251.62
2023-01-26,600 Chemicum,90.0,500.0,0.0,0.0,0.0,305.0,778.65
2023-01-26,610 Physicum,44.0,66.0,39.0,17.0,0.0,35.0,171.64
2023-01-26,620 Exactum,164.0,0.0,18.0,10.0,0.0,159.0,259.25
2023-01-27,600 Chemicum,270.0,292.0,0.0,0.0,0.0,207.0,489.5
2023-01-27,610 Physicum,1.0,30.0,40.0,26.0,0.0,25.0,92.12
2023-01-27,620 Exactum,29.0,3.0,0.0,0.0,0.0,190.0,130.55
2023-01-30,600 Chemicum,122.0,41.0,0.0,382.0,0.0,315.0,584.21
2023-01-30,610 Physicum,10.0,54.0,45.0,11.0,0.0,36.0,121.64
2023-01-30,620 Exactum,170.0,0.0,114.0,0.0,0.0,97.0,303.55
2023-01-31,600 Chemicum,434.0,1.0,223.0,0.0,0.0,274.0,723.37
2023-01-31,610 Physicum,7.0,65.0,46.0,12.0,0.0,41.0,129.22
2023-01-31,620 Exactum,12.0,7.0,0.0,142.0,0.0,225.0,200.82
2023-02-01,600 Chemicum,310.0,232.0,83.0,0.0,0.0,184.0,588.08
2023-02-01,610 Physicum,6.0,61.0,50.0,27.0,0.0,34.0,134.23
2023-02-01,620 Exactum,25.0,145.0,0.0,21.0,0.0,168.0,312.73
2023-02-02,600 Chemicum,364.0,0.0,0.0,220.0,0.0,319.0,590.26
2023-02-02,610 Physicum,7.0,47.0,40.0,36.0,0.0,40.0,129.2
2023-02-02,620 Exactum,188.0,0.0,25.0,52.0,0.0,87.0,261.21
2023-02-03,600 Chemicum,259.0,0.0,0.0,322.0,0.0,260.0,598.54
2023-02-03,610 Physicum,9.0,24.0,39.0,27.0,0.0,30.0,98.95
2023-02-03,620 Exactum,19.0,5.0,0.0,0.0,0.0,135.0,69.22
2023-02-06,600 Chemicum,87.0,0.0,0.0,559.0,0.0,291.0,561.17
2023-02-06,610 Physicum,6.0,25.0,65.0,38.0,0.0,41.0,136.23
2023-02-06,620 Exactum,109.0,0.0,76.0,0.0,0.0,210.0,233.89
2023-02-07,600 Chemicum,358.0,0.0,0.0,26.0,0.0,535.0,563.25
2023-02-07,610 Physicum,0.0,61.0,49.0,40.0,0.0,45.0,144.36
2023-02-07,620 Exactum,135.0,0.0,21.0,0.0,0.0,166.0,162.74
2023-02-08,600 Chemicum,435.0,75.0,0.0,1.0,0.0,355.0,471.96
2023-02-08,610 Physicum,3.0,75.0,57.0,23.0,0.0,36.0,152.03
2023-02-08,620 Exactum,46.0,1.0,0.0,175.0,0.0,152.0,293.21
2023-02-09,600 Chemicum,397.0,246.0,0.0,10.0,0.0,263.0,520.62
2023-02-09,610 Physicum,9.0,54.0,52.0,23.0,0.0,43.0,137.49
2023-02-09,620 Exactum,0.0,6.0,26.0,19.0,0.0,125.0,98.51
2023-02-10,600 Chemicum,219.0,350.0,0.0,0.0,0.0,225.0,498.46
2023-02-10,610 Physicum,19.0,31.0,43.0,17.0,0.0,35.0,110.89
2023-02-10,620 Exactum,17.0,5.0,0.0,0.0,0.0,119.0,63.39
2023-02-13,600 Chemicum,239.0,65.0,0.0,339.0,0.0,252.0,724.31
2023-02-13,610 Physicum,6.0,70.0,38.0,18.0,0.0,32.0,122.98
2023-02-13,620 Exactum,79.0,96.0,0.0,0.0,0.0,215.0,248.46
2023-02-14,600 Chemicum,228.0,0.0,0.0,102.0,0.0,468.0,473.55
2023-02-14,610 Physicum,7.0,59.0,49.0,19.0,0.0,30.0,133.99
2023-02-14,620 Exactum,106.0,31.0,2.0,0.0,0.0,227.0,201.45
2023-02-15,600 Chemicum,128.0,313.0,0.0,14.0,0.0,500.0,561.92
2023-02-15,610 Physicum,24.0,51.0,45.0,19.0,0.0,26.0,129.32
2023-02-15,620 Exactum,17.0,2.0,0.0,106.0,0.0,179.0,178.95
2023-02-16,600 Chemicum,311.0,116.0,0.0,95.0,0.0,363.0,559.3
2023-02-16,610 Physicum,11.0,61.0,50.0,35.0,0.0,39.0,147.51
2023-02-16,620 Exactum,38.0,103.0,0.0,12.0,0.0,145.0,144.44
2023-02-17,600 Chemicum,182.0,33.0,0.0,272.0,0.0,345.0,540.18
2023-02-17,610 Physicum,10.0,54.0,34.0,12.0,0.0,25.0,103.38
2023-02-17,620 Exactum,83.0,1.0,0.0,27.0,0.0,98.0,119.57
2023-02-20,600 Chemicum,179.0,0.0,0.0,368.0,0.0,337.0,620.73
2023-02-20,610 Physicum,18.0,53.0,35.0,14.0,0.0,35.0,118.09
2023-02-20,620 Exactum,13.0,160.0,0.0,0.0,0.0,146.0,170.65
2023-02-21,600 Chemicum,326.0,0.0,0.0,94.0,0.0,293.0,497.94
2023-02-21,610 Physicum,10.0,44.0,38.0,35.0,0.0,21.0,118.13
2023-02-21,620 Exactum,76.0,18.0,1.0,0.0,0.0,53.0,78.02
2023-02-22,600 Chemicum,168.0,369.0,0.0,23.0,0.0,162.0,435.61
2023-02-22,610 Physicum,26.0,57.0,48.0,12.0,0.0,33.0,138.2
2023-02-22,620 Exactum,28.0,107.0,0.0,0.0,0.0,3.0,80.62
2023-02-23,600 Chemicum,271.0,187.0,0.0,7.0,0.0,301.0,452.84
2023-02-23,610 Physicum,7.0,65.0,59.0,6.0,0.0,37.0,134.8
2023-02-23,620 Exactum,194.0,0.0,30.0,0.0,0.0,139.0,262.92
2023-02-24,600 Chemicum,134.0,266.0,0.0,0.0,0.0,215.0,320.72
2023-02-24,610 Physicum,0.0,46.0,38.0,13.0,0.0,33.0,95.74
2023-02-24,620 Exactum,50.0,66.0,0.0,0.0,0.0,124.0,127.52
2023-02-27,600 Chemicum,202.0,13.0,0.0,405.0,0.0,310.0,603.51
2023-02-27,610 Physicum,0.0,43.0,44.0,13.0,0.0,38.0,103.14
2023-02-27,620 Exactum,160.0,0.0,0.0,0.0,0.0,139.0,174.67
2023-02-28,600 Chemicum,373.0,0.0,0.0,8.0,0.0,466.0,402.82
2023-02-28,610 Physicum,0.0,61.0,40.0,33.0,0.0,27.0,126.18
2023-02-28,620 Exactum,197.0,0.0,16.0,0.0,0.0,93.0,251.62
2023-03-01,600 Chemicum,288.0,192.0,0.0,0.0,0.0,268.0,540.65
2023-03-01,610 Physicum,4.0,37.0,44.0,23.0,0.0,26.0,107.84
2023-03-01,620 Exactum,14.0,0.0,0.0,113.0,0.0,114.0,158.66
2023-03-02,600 Chemicum,108.0,397.0,0.0,4.0,0.0,200.0,460.99
2023-03-02,610 Physicum,24.0,34.0,46.0,16.0,0.0,26.0,113.78
2023-03-02,620 Exactum,0.0,0.0,21.0,120.0,0.0,99.0,162.66
2023-03-03,600 Chemicum,158.0,55.0,0.0,199.0,0.0,215.0,437.05
2023-03-03,610 Physicum,4.0,37.0,23.0,6.0,0.0,20.0,67.29
2023-03-03,620 Exactum,0.0,78.0,0.0,16.0,0.0,121.0,144.07
2023-03-06,600 Chemicum,168.0,0.0,0.0,399.0,0.0,249.0,474.48
2023-03-06,610 Physicum,1.0,34.0,25.0,7.0,0.0,19.0,65.01
2023-03-06,620 Exactum,44.0,1.0,0.0,81.0,0.0,120.0,150.94
2023-03-07,600 Chemicum,309.0,0.0,0.0,24.0,0.0,413.0,459.62
2023-03-07,610 Physicum,4.0,40.0,23.0,9.0,0.0,20.0,74.82
2023-03-07,620 Exactum,16.0,110.0,16.0,16.0,0.0,62.0,203.7
2023-03-08,600 Chemicum,105.0,296.0,0.0,0.0,0.0,350.0,377.71
2023-03-08,610 Physicum,15.0,32.0,14.0,7.0,0.0,22.0,70.46
2023-03-08,620 Exactum,98.0,42.0,0.0,0.0,0.0,107.0,148.26
2023-03-09,600 Chemicum,119.0,360.0,0.0,0.0,0.0,235.0,608.48
2023-03-09,610 Physicum,16.0,21.0,23.0,8.0,0.0,25.0,70.27
2023-03-09,620 Exactum,91.0,0.0,0.0,0.0,0.0,84.0,83.31
2023-03-10,600 Chemicum,258.0,217.0,0.0,0.0,0.0,172.0,405.76
2023-03-10,610 Physicum,12.0,4.0,27.0,23.0,0.0,21.0,65.79
2023-03-10,620 Exactum,15.0,107.0,0.0,0.0,0.0,114.0,129.66
2023-03-13,600 Chemicum,130.0,35.0,0.0,427.0,0.0,353.0,757.56
2023-03-13,610 Physicum,7.0,37.0,49.0,40.0,0.0,30.0,121.69
2023-03-13,620 Exactum,163.0,0.0,0.0,0.0,0.0,118.0,179.2
2023-03-14,600 Chemicum,376.0,0.0,176.0,26.0,0.0,290.0,671.01
2023-03-14,610 Physicum,9.0,66.0,49.0,16.0,0.0,38.0,136.41
2023-03-14,620 Exactum,6.0,0.0,31.0,151.0,0.0,210.0,207.56
2023-03-15,600 Chemicum,27.0,306.0,43.0,0.0,0.0,262.0,382.23
2023-03-15,610 Physicum,3.0,56.0,65.0,24.0,0.0,43.0,149.16
2023-03-15,620 Exactum,104.0,2.0,0.0,25.0,0.0,125.0,133.89
2023-03-16,600 Chemicum,310.0,10.0,0.0,194.0,0.0,240.0,494.44
2023-03-16,610 Physicum,12.0,73.0,40.0,1.0,0.0,41.0,124.23
2023-03-16,620 Exactum,13.0,179.0,52.0,0.0,0.0,102.0,347.04
2023-03-17,600 Chemicum,132.0,0.0,0.0,342.0,0.0,286.0,522.84
2023-03-17,610 Physicum,7.0,45.0,27.0,1.0,0.0,24.0,78.06
2023-03-17,620 Exactum,0.0,2.0,4.0,0.0,0.0,145.0,67.58
2023-03-20,600 Chemicum,79.0,0.0,1.0,546.0,0.0,271.0,533.32
2023-03-20,610 Physicum,12.0,47.0,58.0,13.0,0.0,35.0,131.09
2023-03-20,620 Exactum,74.0,14.0,0.0,0.0,0.0,234.0,160.89
2023-03-21,600 Chemicum,308.0,0.0,0.0,24.0,0.0,544.0,441.25
2023-03-21,610 Physicum,21.0,57.0,43.0,24.0,0.0,49.0,148.67
2023-03-21,620 Exactum,155.0,0.0,82.0,0.0,0.0,85.0,221.41
2023-03-22,600 Chemicum,174.0,350.0,0.0,0.0,0.0,297.0,424.22
2023-03-22,610 Physicum,25.0,52.0,50.0,30.0,0.0,44.0,162.87
2023-03-22,620 Exactum,85.0,0.0,0.0,143.0,0.0,123.0,256.53
2023-03-23,600 Chemicum,406.0,161.0,0.0,3.0,0.0,288.0,460.79
2023-03-23,610 Physicum,29.0,36.0,48.0,22.0,0.0,51.0,145.8
2023-03-23,620 Exactum,4.0,0.0,24.0,7.0,0.0,119.0,78.81
2023-03-24,600 Chemicum,445.0,0.0,0.0,0.0,0.0,366.0,469.57
2023-03-24,610 Physicum,0.0,0.0,58.0,0.0,0.0,24.0,66.05
2023-03-24,620 Exactum,6.0,0.0,0.0,0.0,0.0,128.0,68.98
2023-03-27,600 Chemicum,204.0,0.0,0.0,313.0,0.0,271.0,555.4
2023-03-27,610 Physicum,0.0,74.0,23.0,13.0,0.0,40.0,109.47
2023-03-27,620 Exactum,38.0,103.0,0.0,0.0,0.0,116.0,152.72
2023-03-28,600 Chemicum,267.0,0.0,1.0,74.0,0.0,548.0,521.62
2023-03-28,610 Physicum,0.0,73.0,49.0,39.0,0.0,32.0,156.9
2023-03-28,620 Exactum,1.0,0.0,0.0,0.0,0.0,198.0,86.03
2023-03-29,600 Chemicum,108.0,389.0,0.0,8.0,0.0,323.0,528.55
2023-03-29,610 Physicum,0.0,65.0,48.0,33.0,0.0,54.0,154.64
2023-03-29,620 Exactum,0.0,4.0,0.0,127.0,0.0,133.0,176.96
2023-03-30,600 Chemicum,429.0,102.0,0.0,4.0,0.0,310.0,408.28
2023-03-30,610 Physicum,40.0,40.0,41.0,33.0,0.0,49.0,156.93
2023-03-30,620 Exactum,0.0,135.0,25.0,39.0,0.0,131.0,204.61
2023-03-31,600 Chemicum,218.0,7.0,0.0,273.0,0.0,275.0,521.65
2023-03-31,610 Physicum,8.0,38.0,25.0,14.0,0.0,20.0,81.55
2023-03-31,620 Exactum,73.0,0.0,0.0,0.0,0.0,183.0,111.94
2023-04-03,600 Chemicum,165.0,26.0,22.0,75.0,0.0,283.0,348.17
2023-04-03,610 Physicum,10.0,39.0,34.0,32.0,0.0,24.0,105.88
2023-04-03,620 Exactum,20.0,143.0,0.0,0.0,0.0,130.0,165.83
2023-04-04,600 Chemicum,12.0,0.0,0.0,1.0,0.0,469.0,283.03
2023-04-04,610 Physicum,0.0,53.0,50.0,32.0,0.0,45.0,141.06
2023-04-04,620 Exactum,0.0,55.0,0.0,2.0,0.0,134.0,143.56
2023-04-05,600 Chemicum,119.0,390.0,0.0,5.0,0.0,189.0,424.16
2023-04-05,610 Physicum,6.0,62.0,26.0,23.0,0.0,39.0,118.15
2023-04-05,620 Exactum,138.0,0.0,40.0,0.0,0.0,101.0,208.03
2023-04-06,600 Chemicum,227.0,166.0,0.0,36.0,0.0,254.0,447.29
2023-04-06,610 Physicum,1.0,21.0,9.0,7.0,0.0,12.0,38.97
2023-04-11,600 Chemicum,204.0,0.0,0.0,0.0,0.0,392.0,282.66
2023-04-11,610 Physicum,2.0,11.0,32.0,11.0,0.0,10.0,54.01
2023-04-11,620 Exactum,0.0,0.0,16.0,75.0,0.0,75.0,132.93
2023-04-12,600 Chemicum,205.0,191.0,0.0,0.0,0.0,216.0,370.92
2023-04-12,610 Physicum,4.0,11.0,24.0,12.0,0.0,19.0,52.3
2023-04-12,620 Exactum,67.0,0.0,0.0,51.0,0.0,75.0,140.08
2023-04-13,600 Chemicum,110.0,412.0,0.0,0.0,0.0,248.0,494.18
2023-04-13,610 Physicum,8.0,44.0,47.0,20.0,0.0,26.0,120.96
2023-04-13,620 Exactum,0.0,5.0,6.0,0.0,0.0,109.0,53.7
2023-04-14,600 Chemicum,189.0,15.0,0.0,236.0,0.0,249.0,467.61
2023-04-14,610 Physicum,0.0,19.0,25.0,14.0,0.0,20.0,61.0
2023-04-14,620 Exactum,39.0,62.0,1.0,0.0,0.0,166.0,142.97
2023-04-17,600 Chemicum,151.0,0.0,0.0,525.0,0.0,211.0,573.24
2023-04-17,610 Physicum,18.0,44.0,59.0,23.0,0.0,22.0,138.03
2023-04-17,620 Exactum,76.0,17.0,0.0,0.0,0.0,237.0,150.03
2023-04-18,600 Chemicum,327.0,0.0,0.0,0.0,0.0,465.0,493.46
2023-04-18,610 Physicum,14.0,58.0,37.0,40.0,0.0,34.0,140.42
2023-04-18,620 Exactum,15.0,152.0,15.0,0.0,0.0,193.0,275.63
2023-04-19,600 Chemicum,190.0,353.0,0.0,0.0,0.0,312.0,438.05
2023-04-19,610 Physicum,14.0,37.0,39.0,38.0,0.0,46.0,135.29
2023-04-19,620 Exactum,67.0,1.0,11.0,4.0,0.0,96.0,88.49
2023-04-20,600 Chemicum,99.0,387.0,0.0,0.0,0.0,359.0,726.67
2023-04-20,610 Physicum,0.0,63.0,40.0,22.0,0.0,35.0,118.95
2023-04-20,620 Exactum,1.0,118.0,12.0,0.0,0.0,147.0,177.28
2023-04-21,600 Chemicum,263.0,227.0,0.0,0.0,0.0,275.0,468.34
2023-04-21,610 Physicum,1.0,22.0,39.0,14.0,0.0,16.0,75.92
2023-04-21,620 Exactum,85.0,0.0,0.0,0.0,0.0,113.0,143.12
2023-04-24,600 Chemicum,183.0,108.0,0.0,339.0,0.0,345.0,709.4
2023-04-24,610 Physicum,19.0,45.0,42.0,24.0,0.0,26.0,121.41
2023-04-24,620 Exactum,147.0,0.0,90.0,0.0,0.0,54.0,227.58
2023-04-25,600 Chemicum,389.0,0.0,0.0,90.0,0.0,415.0,699.05
2023-04-25,610 Physicum,21.0,37.0,54.0,12.0,0.0,41.0,131.56
2023-04-25,620 Exactum,21.0,0.0,21.0,122.0,0.0,116.0,143.75
2023-04-26,600 Chemicum,6.0,373.0,0.0,0.0,0.0,250.0,368.99
2023-04-26,610 Physicum,6.0,63.0,37.0,15.0,0.0,36.0,119.48
2023-04-26,620 Exactum,57.0,110.0,0.0,15.0,0.0,91.0,145.21
2023-04-27,600 Chemicum,321.0,34.0,0.0,209.0,0.0,178.0,497.07
2023-04-27,610 Physicum,6.0,67.0,37.0,22.0,0.0,20.0,118.71
2023-04-27,620 Exactum,35.0,140.0,11.0,0.0,0.0,128.0,274.03
2023-04-28,600 Chemicum,199.0,75.0,0.0,258.0,0.0,370.0,667.77
2023-04-28,610 Physicum,6.0,22.0,32.0,20.0,0.0,28.0,79.83
2023-04-28,620 Exactum,0.0,24.0,0.0,0.0,0.0,142.0,95.32
2023-05-02,600 Chemicum,0.0,0.0,0.0,512.0,0.0,402.0,548.7
2023-05-02,610 Physicum,12.0,58.0,43.0,21.0,0.0,25.0,126.39
2023-05-02,620 Exactum,75.0,24.0,64.0,0.0,0.0,64.0,166.44
2023-05-03,600 Chemicum,250.0,345.0,0.0,7.0,0.0,239.0,506.39
2023-05-03,610 Physicum,14.0,50.0,48.0,27.0,0.0,32.0,132.43
2023-05-03,620 Exactum,23.0,17.0,12.0,111.0,0.0,133.0,210.85
2023-05-04,600 Chemicum,330.0,203.0,0.0,7.0,0.0,324.0,585.37
2023-05-04,610 Physicum,11.0,45.0,42.0,22.0,0.0,42.0,118.95
2023-05-04,620 Exactum,3.0,0.0,0.0,7.0,0.0,129.0,63.09
2023-05-05,600 Chemicum,218.0,234.0,0.0,0.0,0.0,287.0,460.06
2023-05-05,610 Physicum,0.0,26.0,36.0,8.0,0.0,26.0,75.45
2023-05-05,620 Exactum,0.0,154.0,0.0,0.0,0.0,150.0,170.92
2023-05-08,600 Chemicum,219.0,0.0,0.0,290.0,0.0,246.0,538.33
2023-05-08,610 Physicum,0.0,40.0,41.0,12.0,0.0,31.0,94.9
2023-05-08,620 Exactum,0.0,108.0,0.0,1.0,0.0,99.0,129.3
2023-05-09,600 Chemicum,14.0,220.0,0.0,3.0,0.0,518.0,363.24
2023-05-09,610 Physicum,0.0,49.0,30.0,21.0,0.0,24.0,99.01
2023-05-09,620 Exactum,78.0,24.0,18.0,0.0,0.0,76.0,138.97
2023-05-10,600 Chemicum,90.0,346.0,0.0,0.0,0.0,249.0,456.3
2023-05-10,610 Physicum,0.0,37.0,38.0,11.0,0.0,26.0,87.26
2023-05-10,620 Exactum,47.0,0.0,0.0,87.0,0.0,95.0,182.15
2023-05-11,600 Chemicum,196.0,121.0,0.0,6.0,0.0,282.0,339.44
2023-05-11,610 Physicum,0.0,38.0,25.0,17.0,0.0,22.0,76.46
2023-05-11,620 Exactum,0.0,74.0,19.0,20.0,0.0,119.0,136.05
2023-05-12,600 Chemicum,159.0,14.0,0.0,249.0,0.0,195.0,429.92
2023-05-12,610 Physicum,2.0,15.0,22.0,8.0,0.0,17.0,56.65
2023-05-12,620 Exactum,58.0,19.0,0.0,0.0,0.0,74.0,102.03
2023-05-15,600 Chemicum,100.0,0.0,0.0,96.0,0.0,239.0,257.39
2023-05-15,610 Physicum,20.0,24.0,16.0,6.0,0.0,20.0,65.81
2023-05-15,620 Exactum,0.0,0.0,0.0,24.0,0.0,82.0,71.22
2023-05-16,600 Chemicum,186.0,0.0,0.0,114.0,0.0,375.0,424.74
2023-05-16,610 Physicum,22.0,20.0,20.0,5.0,0.0,14.0,63.68
2023-05-16,620 Exactum,0.0,0.0,7.0,11.0,0.0,54.0,45.14
2023-05-17,600 Chemicum,251.0,280.0,0.0,1.0,0.0,146.0,411.3
2023-05-17,610 Physicum,1.0,17.0,15.0,5.0,0.0,16.0,39.52
2023-05-17,620 Exactum,71.0,0.0,0.0,0.0,0.0,71.0,83.82
2023-05-19,600 Chemicum,167.0,0.0,0.0,252.0,0.0,223.0,398.0
2023-05-22,600 Chemicum,144.0,0.0,0.0,388.0,0.0,258.0,642.7
2023-05-22,610 Physicum,0.0,8.0,19.0,11.0,0.0,8.0,35.7
2023-05-23,600 Chemicum,256.0,0.0,0.0,16.0,0.0,448.0,358.52
2023-05-23,610 Physicum,2.0,13.0,20.0,22.0,0.0,14.0,51.7
2023-05-24,600 Chemicum,317.0,200.0,0.0,0.0,0.0,260.0,549.53
2023-05-24,610 Physicum,5.0,13.0,23.0,10.0,0.0,14.0,52.31
2023-05-25,600 Chemicum,189.0,365.0,0.0,33.0,0.0,234.0,557.13
2023-05-25,610 Physicum,2.0,26.0,12.0,4.0,0.0,22.0,49.4
2023-05-26,600 Chemicum,231.0,0.0,0.0,283.0,0.0,227.0,545.24
2023-05-26,610 Physicum,6.0,15.0,18.0,12.0,0.0,16.0,53.47
2023-05-29,600 Chemicum,201.0,0.0,9.0,363.0,0.0,188.0,524.72
2023-05-29,610 Physicum,3.0,22.0,15.0,1.0,0.0,17.0,43.97
2023-05-30,600 Chemicum,87.0,0.0,0.0,0.0,0.0,511.0,339.18
2023-05-30,610 Physicum,3.0,42.0,21.0,7.0,0.0,18.0,69.69
2023-05-31,600 Chemicum,122.0,326.0,0.0,0.0,0.0,345.0,430.98
2023-05-31,610 Physicum,1.0,10.0,21.0,7.0,0.0,15.0,42.52
2023-06-01,600 Chemicum,109.0,327.0,0.0,68.0,0.0,341.0,694.33
2023-06-01,610 Physicum,2.0,6.0,16.0,10.0,0.0,14.0,37.52
2023-06-02,600 Chemicum,174.0,309.0,0.0,0.0,0.0,272.0,443.51
2023-06-02,610 Physicum,1.0,15.0,19.0,7.0,0.0,13.0,40.27
2023-06-05,600 Chemicum,139.0,21.0,0.0,303.0,0.0,319.0,568.14
2023-06-05,610 Physicum,10.0,15.0,9.0,0.0,0.0,13.0,35.44
2023-06-06,600 Chemicum,332.0,0.0,0.0,68.0,0.0,379.0,574.75
2023-06-06,610 Physicum,14.0,11.0,7.0,1.0,0.0,5.0,30.45
2023-06-07,600 Chemicum,8.0,258.0,0.0,10.0,0.0,240.0,284.88
2023-06-07,610 Physicum,8.0,16.0,13.0,6.0,0.0,14.0,45.94
2023-06-08,600 Chemicum,41.0,65.0,0.0,199.0,0.0,265.0,335.65
2023-06-08,610 Physicum,0.0,24.0,11.0,6.0,0.0,11.0,39.29
2023-06-09,600 Chemicum,215.0,0.0,0.0,258.0,0.0,235.0,433.47
2023-06-09,610 Physicum,0.0,11.0,16.0,8.0,0.0,17.0,39.59
2023-06-12,600 Chemicum,128.0,0.0,0.0,435.0,0.0,229.0,497.63
2023-06-12,610 Physicum,0.0,20.0,20.0,5.0,0.0,13.0,46.96
2023-06-13,600 Chemicum,276.0,2.0,0.0,16.0,0.0,403.0,392.61
2023-06-13,610 Physicum,0.0,20.0,15.0,7.0,0.0,7.0,38.76
2023-06-14,600 Chemicum,243.0,264.0,0.0,0.0,0.0,228.0,442.72
2023-06-14,610 Physicum,0.0,10.0,19.0,17.0,0.0,11.0,43.63
2023-06-15,600 Chemicum,378.0,162.0,0.0,6.0,0.0,183.0,547.93
2023-06-15,610 Physicum,0.0,10.0,15.0,15.0,0.0,19.0,43.31
2023-06-16,600 Chemicum,127.0,264.0,0.0,0.0,0.0,419.0,418.02
2023-06-16,610 Physicum,0.0,7.0,12.0,10.0,0.0,6.0,25.47
2023-06-19,600 Chemicum,199.0,17.0,0.0,278.0,0.0,212.0,503.72
2023-06-20,600 Chemicum,60.0,171.0,0.0,53.0,0.0,440.0,410.01
2023-06-21,600 Chemicum,82.0,342.0,0.0,0.0,0.0,237.0,451.25
2023-06-22,600 Chemicum,170.0,150.0,0.0,0.0,0.0,242.0,339.95
2023-06-26,600 Chemicum,78.0,1.0,0.0,44.0,0.0,246.0,212.19
2023-06-27,600 Chemicum,12.0,0.0,10.0,0.0,0.0,341.0,176.83
2023-06-28,600 Chemicum,196.0,230.0,25.0,0.0,0.0,134.0,365.74
2023-06-29,600 Chemicum,235.0,101.0,1.0,2.0,0.0,166.0,353.95
2023-06-30,600 Chemicum,60.0,201.0,0.0,6.0,0.0,210.0,275.24
2023-07-03,600 Chemicum,71.0,1.0,0.0,210.0,0.0,139.0,255.05
2023-07-04,600 Chemicum,181.0,1.0,0.0,24.0,0.0,256.0,237.46
2023-07-05,600 Chemicum,185.0,104.0,0.0,18.0,0.0,192.0,304.73
2023-07-06,600 Chemicum,112.0,188.0,0.0,20.0,0.0,142.0,290.6
2023-07-07,600 Chemicum,113.0,43.0,0.0,152.0,0.0,118.0,295.53
2023-07-10,600 Chemicum,68.0,1.0,0.0,192.0,0.0,138.0,320.0
2023-07-11,600 Chemicum,200.0,0.0,0.0,41.0,0.0,211.0,306.88
2023-07-12,600 Chemicum,104.0,143.0,0.0,0.0,0.0,147.0,240.16
2023-07-13,600 Chemicum,34.0,171.0,0.0,2.0,0.0,178.0,325.25
2023-07-14,600 Chemicum,120.0,140.0,0.0,3.0,0.0,137.0,269.89
2023-07-17,600 Chemicum,32.0,14.0,0.0,18.0,0.0,145.0,115.87
2023-07-18,600 Chemicum,31.0,0.0,0.0,1.0,0.0,227.0,130.85
2023-07-19,600 Chemicum,94.0,147.0,0.0,0.0,0.0,47.0,182.44
2023-07-20,600 Chemicum,157.0,0.0,0.0,87.0,0.0,128.0,248.43
2023-07-21,600 Chemicum,10.0,0.0,0.0,150.0,0.0,128.0,193.81
2023-07-24,600 Chemicum,115.0,0.0,0.0,131.0,0.0,157.0,273.59
2023-07-25,600 Chemicum,137.0,0.0,0.0,0.0,0.0,254.0,199.33
2023-07-26,600 Chemicum,125.0,142.0,0.0,0.0,0.0,123.0,241.1
2023-07-27,600 Chemicum,139.0,94.0,0.0,4.0,0.0,138.0,265.74
2023-07-28,600 Chemicum,33.0,185.0,0.0,0.0,0.0,149.0,191.99
2023-07-31,600 Chemicum,3.0,25.0,0.0,207.0,0.0,167.0,265.96
2023-08-01,600 Chemicum,4.0,161.0,0.0,8.0,0.0,364.0,274.09
2023-08-02,600 Chemicum,85.0,233.0,0.0,0.0,0.0,234.0,359.68
2023-08-03,600 Chemicum,220.0,77.0,0.0,1.0,0.0,262.0,315.8
2023-08-04,600 Chemicum,160.0,10.0,0.0,206.0,0.0,207.0,381.58
2023-08-07,600 Chemicum,125.0,2.0,0.0,294.0,0.0,242.0,411.56
2023-08-08,600 Chemicum,18.0,0.0,0.0,74.0,0.0,350.0,227.61
2023-08-09,600 Chemicum,243.0,218.0,0.0,3.0,0.0,167.0,413.52
2023-08-10,600 Chemicum,241.0,66.0,0.0,77.0,0.0,204.0,407.94
2023-08-11,600 Chemicum,214.0,223.0,0.0,18.0,0.0,241.0,425.76
2023-08-14,600 Chemicum,108.0,47.0,0.0,266.0,0.0,239.0,487.92
2023-08-15,600 Chemicum,34.0,0.0,0.0,46.0,0.0,375.0,241.02
2023-08-16,600 Chemicum,227.0,150.0,0.0,0.0,0.0,278.0,394.22
2023-08-17,600 Chemicum,129.0,334.0,0.0,0.0,0.0,209.0,446.59
2023-08-18,600 Chemicum,192.0,24.0,0.0,220.0,0.0,207.0,455.77
2023-08-21,600 Chemicum,161.0,0.0,0.0,343.0,0.0,195.0,482.07
2023-08-21,610 Physicum,0.0,4.0,9.0,2.0,0.0,8.0,16.73
2023-08-22,600 Chemicum,245.0,0.0,0.0,83.0,0.0,346.0,455.64
2023-08-22,610 Physicum,0.0,3.0,16.0,10.0,0.0,3.0,27.22
2023-08-23,600 Chemicum,169.0,222.0,0.0,1.0,0.0,199.0,364.61
2023-08-23,610 Physicum,0.0,8.0,8.0,3.0,0.0,7.0,20.73
2023-08-24,600 Chemicum,141.0,261.0,0.0,0.0,0.0,281.0,568.67
2023-08-24,610 Physicum,0.0,5.0,5.0,10.0,0.0,12.0,22.77
2023-08-25,600 Chemicum,142.0,261.0,0.0,0.0,0.0,214.0,370.99
2023-08-25,610 Physicum,0.0,6.0,3.0,5.0,0.0,8.0,16.18
2023-08-28,600 Chemicum,176.0,0.0,0.0,326.0,0.0,411.0,675.89
2023-08-28,610 Physicum,0.0,11.0,22.0,2.0,0.0,15.0,40.08
2023-08-29,600 Chemicum,462.0,78.0,0.0,63.0,0.0,524.0,795.79
2023-08-29,610 Physicum,0.0,26.0,30.0,11.0,0.0,43.0,79.96
2023-08-30,600 Chemicum,16.0,388.0,0.0,0.0,0.0,120.0,308.94
2023-08-30,610 Physicum,0.0,28.0,32.0,20.0,0.0,20.0,77.51
2023-08-31,600 Chemicum,263.0,183.0,0.0,7.0,0.0,213.0,461.0
2023-08-31,610 Physicum,0.0,10.0,20.0,7.0,0.0,16.0,40.91
2023-09-01,600 Chemicum,226.0,0.0,0.0,279.0,0.0,337.0,551.7
2023-09-01,610 Physicum,0.0,10.0,16.0,6.0,0.0,15.0,35.68
2023-09-04,600 Chemicum,200.0,0.0,0.0,506.0,0.0,263.0,609.15
2023-09-04,610 Physicum,6.0,15.0,34.0,22.0,0.0,23.0,74.99
2023-09-04,620 Exactum,42.0,116.0,0.0,0.0,0.0,92.0,152.13
2023-09-05,600 Chemicum,348.0,0.0,0.0,106.0,0.0,633.0,586.31
2023-09-05,610 Physicum,8.0,35.0,88.0,47.0,0.0,55.0,181.43
2023-09-05,620 Exactum,16.0,16.0,0.0,177.0,0.0,156.0,214.7
2023-09-06,600 Chemicum,457.0,334.0,5.0,1.0,0.0,299.0,667.13
2023-09-06,610 Physicum,0.0,57.0,80.0,40.0,0.0,54.0,177.72
2023-09-06,620 Exactum,112.0,26.0,0.0,5.0,0.0,252.0,252.36
2023-09-07,600 Chemicum,424.0,38.0,0.0,198.0,0.0,368.0,686.62
2023-09-07,610 Physicum,1.0,45.0,82.0,42.0,0.0,58.0,174.41
2023-09-07,620 Exactum,226.0,0.0,0.0,0.0,0.0,167.0,251.46
2023-09-08,600 Chemicum,123.0,410.0,0.0,0.0,0.0,345.0,470.32
2023-09-08,610 Physicum,0.0,23.0,50.0,26.0,0.0,30.0,98.18
2023-09-08,620 Exactum,0.0,157.0,0.0,0.0,0.0,135.0,305.76
2023-09-11,600 Chemicum,237.0,0.0,0.0,505.0,0.0,359.0,778.7
2023-09-11,610 Physicum,15.0,64.0,52.0,28.0,0.0,55.0,171.42
2023-09-11,620 Exactum,3.0,121.0,0.0,0.0,0.0,126.0,161.83
2023-09-12,600 Chemicum,53.0,393.0,0.0,65.0,0.0,678.0,643.26
2023-09-12,610 Physicum,0.0,67.0,61.0,18.0,0.0,42.0,145.79
2023-09-12,620 Exactum,0.0,0.0,20.0,183.0,0.0,152.0,243.88
2023-09-13,600 Chemicum,133.0,511.0,0.0,0.0,0.0,351.0,696.91
2023-09-13,610 Physicum,0.0,43.0,46.0,33.0,0.0,55.0,129.66
2023-09-13,620 Exactum,143.0,0.0,0.0,2.0,0.0,270.0,196.59
2023-09-14,600 Chemicum,521.0,187.0,0.0,3.0,0.0,317.0,710.97
2023-09-14,610 Physicum,0.0,78.0,66.0,21.0,0.0,54.0,170.81
2023-09-14,620 Exactum,13.0,121.0,15.0,2.0,0.0,195.0,177.16
2023-09-15,600 Chemicum,230.0,11.0,0.0,346.0,0.0,352.0,631.11
2023-09-15,610 Physicum,15.0,35.0,46.0,13.0,0.0,34.0,106.9
2023-09-15,620 Exactum,0.0,175.0,0.0,0.0,0.0,194.0,189.13
2023-09-18,600 Chemicum,167.0,0.0,0.0,439.0,0.0,458.0,625.87
2023-09-18,610 Physicum,0.0,22.0,78.0,63.0,0.0,37.0,155.7
2023-09-18,620 Exactum,126.0,0.0,0.0,0.0,0.0,240.0,179.39
2023-09-19,600 Chemicum,407.0,0.0,4.0,60.0,0.0,575.0,621.9
2023-09-19,610 Physicum,0.0,63.0,58.0,39.0,0.0,63.0,168.64
2023-09-19,620 Exactum,22.0,0.0,27.0,169.0,0.0,180.0,222.6
2023-09-20,600 Chemicum,342.0,389.0,0.0,0.0,0.0,235.0,636.71
2023-09-20,610 Physicum,0.0,61.0,65.0,13.0,0.0,79.0,158.99
2023-09-20,620 Exactum,98.0,138.0,0.0,16.0,0.0,185.0,339.73
2023-09-21,600 Chemicum,383.0,0.0,0.0,208.0,0.0,467.0,621.53
2023-09-21,610 Physicum,0.0,60.0,67.0,0.0,0.0,55.0,133.85
2023-09-21,620 Exactum,27.0,193.0,0.0,0.0,0.0,108.0,228.61
2023-09-22,600 Chemicum,213.0,396.0,0.0,5.0,0.0,309.0,500.93
2023-09-22,610 Physicum,18.0,34.0,45.0,14.0,0.0,38.0,120.85
2023-09-22,620 Exactum,6.0,100.0,0.0,2.0,0.0,137.0,138.85
2023-09-25,600 Chemicum,216.0,0.0,0.0,466.0,0.0,346.0,785.12
2023-09-25,610 Physicum,22.0,57.0,50.0,28.0,0.0,44.0,156.8
2023-09-25,620 Exactum,142.0,7.0,108.0,0.0,0.0,90.0,272.11
2023-09-26,600 Chemicum,343.0,0.0,0.0,57.0,0.0,576.0,551.1
2023-09-26,610 Physicum,16.0,56.0,95.0,37.0,0.0,62.0,221.05
2023-09-26,620 Exactum,115.0,0.0,50.0,155.0,0.0,143.0,288.28
2023-09-27,600 Chemicum,320.0,389.0,0.0,0.0,0.0,362.0,867.45
2023-09-27,610 Physicum,0.0,24.0,61.0,39.0,0.0,61.0,131.68
2023-09-27,620 Exactum,14.0,187.0,0.0,25.0,0.0,187.0,262.91
2023-09-28,600 Chemicum,228.0,423.0,0.0,0.0,0.0,275.0,700.32
2023-09-28,610 Physicum,2.0,71.0,55.0,32.0,0.0,66.0,165.22
2023-09-28,620 Exactum,0.0,203.0,16.0,0.0,0.0,147.0,244.82
2023-09-29,600 Chemicum,276.0,46.0,0.0,323.0,0.0,310.0,581.81
2023-09-29,610 Physicum,3.0,43.0,33.0,0.0,0.0,44.0,87.94
2023-09-29,620 Exactum,100.0,26.0,0.0,19.0,0.0,132.0,178.31
2023-10-02,600 Chemicum,264.0,0.0,18.0,531.0,0.0,174.0,705.02
2023-10-02,610 Physicum,0.0,75.0,76.0,24.0,0.0,36.0,171.21
2023-10-02,620 Exactum,111.0,0.0,52.0,0.0,0.0,171.0,197.19
2023-10-03,600 Chemicum,448.0,0.0,0.0,50.0,0.0,583.0,726.54
2023-10-03,610 Physicum,0.0,49.0,73.0,6.0,0.0,55.0,139.13
2023-10-03,620 Exactum,8.0,0.0,80.0,187.0,0.0,73.0,301.13
2023-10-04,600 Chemicum,262.0,403.0,0.0,0.0,0.0,289.0,592.18
2023-10-04,610 Physicum,0.0,80.0,58.0,25.0,0.0,56.0,167.42
2023-10-04,620 Exactum,87.0,182.0,0.0,0.0,0.0,165.0,295.87
2023-10-05,600 Chemicum,135.0,495.0,0.0,0.0,0.0,343.0,896.8
2023-10-05,610 Physicum,0.0,29.0,48.0,50.0,0.0,53.0,131.39
2023-10-05,620 Exactum,0.0,18.0,0.0,0.0,0.0,135.0,72.16
2023-10-06,600 Chemicum,205.0,402.0,0.0,0.0,0.0,338.0,573.3
2023-10-06,610 Physicum,0.0,40.0,50.0,7.0,0.0,48.0,105.51
2023-10-06,620 Exactum,0.0,131.0,0.0,0.0,0.0,168.0,246.46
2023-10-09,600 Chemicum,91.0,41.0,0.0,450.0,0.0,451.0,807.3
2023-10-09,610 Physicum,0.0,22.0,76.0,18.0,0.0,49.0,124.04
2023-10-09,620 Exactum,108.0,34.0,74.0,0.0,0.0,87.0,223.22
2023-10-10,600 Chemicum,461.0,0.0,0.0,88.0,0.0,439.0,736.51
2023-10-10,610 Physicum,1.0,92.0,67.0,16.0,0.0,61.0,177.21
2023-10-10,620 Exactum,16.0,0.0,0.0,175.0,0.0,125.0,181.07
2023-10-11,600 Chemicum,4.0,335.0,0.0,1.0,0.0,130.0,269.28
2023-10-11,610 Physicum,0.0,106.0,59.0,22.0,0.0,56.0,194.78
2023-10-11,620 Exactum,71.0,0.0,0.0,170.0,0.0,129.0,237.82
2023-10-12,600 Chemicum,197.0,268.0,0.0,3.0,0.0,245.0,487.76
2023-10-12,610 Physicum,0.0,24.0,77.0,36.0,0.0,46.0,138.93
2023-10-12,620 Exactum,0.0,110.0,42.0,27.0,0.0,128.0,177.11
2023-10-13,600 Chemicum,240.0,21.0,0.0,315.0,0.0,292.0,612.87
2023-10-13,610 Physicum,0.0,31.0,35.0,32.0,0.0,34.0,97.55
2023-10-13,620 Exactum,156.0,112.0,0.0,0.0,0.0,138.0,277.28
2023-10-16,600 Chemicum,220.0,434.0,0.0,32.0,0.0,291.0,653.02
2023-10-16,610 Physicum,0.0,77.0,44.0,19.0,0.0,60.0,152.48
2023-10-16,620 Exactum,29.0,121.0,0.0,0.0,0.0,136.0,189.71
2023-10-17,600 Chemicum,344.0,0.0,0.0,0.0,0.0,539.0,437.03
2023-10-17,610 Physicum,23.0,49.0,54.0,15.0,0.0,52.0,150.56
2023-10-17,620 Exactum,55.0,240.0,0.0,0.0,0.0,131.0,309.6
2023-10-18,600 Chemicum,268.0,397.0,0.0,1.0,0.0,268.0,552.01
2023-10-18,610 Physicum,12.0,13.0,61.0,11.0,0.0,53.0,111.99
2023-10-18,620 Exactum,139.0,0.0,0.0,0.0,0.0,267.0,201.97
2023-10-19,600 Chemicum,410.0,25.0,0.0,105.0,0.0,293.0,573.61
2023-10-19,610 Physicum,0.0,43.0,45.0,16.0,0.0,57.0,117.49
2023-10-19,620 Exactum,120.0,140.0,36.0,0.0,0.0,122.0,381.54
2023-10-20,600 Chemicum,160.0,349.0,0.0,0.0,0.0,279.0,429.78
2023-10-20,610 Physicum,0.0,18.0,19.0,8.0,0.0,42.0,54.89
2023-10-20,620 Exactum,0.0,136.0,0.0,0.0,0.0,214.0,206.97
2023-10-23,600 Chemicum,207.0,16.0,0.0,411.0,0.0,323.0,683.44
2023-10-23,610 Physicum,0.0,49.0,28.0,8.0,0.0,32.0,90.7
2023-10-24,600 Chemicum,28.0,318.0,0.0,19.0,0.0,626.0,532.99
2023-10-24,610 Physicum,0.0,22.0,40.0,15.0,0.0,30.0,83.28
2023-10-25,600 Chemicum,121.0,502.0,0.0,7.0,0.0,351.0,662.0
2023-10-25,610 Physicum,0.0,47.0,36.0,0.0,0.0,34.0,85.24
2023-10-26,600 Chemicum,467.0,109.0,0.0,1.0,0.0,366.0,589.46
2023-10-26,610 Physicum,0.0,44.0,54.0,10.0,0.0,40.0,110.11
2023-10-27,600 Chemicum,3.0,8.0,0.0,317.0,0.0,279.0,396.46
2023-10-27,610 Physicum,0.0,8.0,35.0,20.0,0.0,30.0,65.45
2023-10-30,600 Chemicum,169.0,13.0,0.0,46.0,0.0,462.0,381.86
2023-10-30,610 Physicum,17.0,12.0,76.0,36.0,0.0,58.0,149.85
2023-10-30,620 Exactum,124.0,136.0,0.0,0.0,0.0,122.0,212.06
2023-10-31,600 Chemicum,343.0,2.0,0.0,0.0,0.0,338.0,433.82
2023-10-31,610 Physicum,17.0,74.0,60.0,11.0,0.0,61.0,169.61
2023-10-31,620 Exactum,0.0,200.0,25.0,0.0,0.0,213.0,217.06
2023-11-01,600 Chemicum,0.0,0.0,353.0,0.0,0.0,696.0,566.01
2023-11-01,610 Physicum,0.0,0.0,129.0,0.0,0.0,114.0,169.53
2023-11-01,620 Exactum,0.0,0.0,114.0,0.0,0.0,276.0,227.88
2023-11-02,600 Chemicum,371.0,0.0,56.0,136.0,0.0,408.0,637.14
2023-11-02,610 Physicum,0.0,51.0,62.0,38.0,0.0,45.0,146.69
2023-11-02,620 Exactum,0.0,11.0,12.0,175.0,0.0,101.0,271.47
2023-11-03,600 Chemicum,2.0,391.0,0.0,23.0,0.0,263.0,377.96
2023-11-03,610 Physicum,0.0,48.0,37.0,34.0,0.0,31.0,115.56
2023-11-03,620 Exactum,1.0,0.0,0.0,86.0,0.0,145.0,124.77
2023-11-06,600 Chemicum,93.0,13.0,0.0,398.0,0.0,250.0,610.92
2023-11-06,610 Physicum,0.0,91.0,78.0,6.0,0.0,46.0,176.56
2023-11-06,620 Exactum,137.0,0.0,59.0,23.0,0.0,66.0,210.91
2023-11-07,600 Chemicum,397.0,7.0,0.0,30.0,0.0,484.0,447.6
2023-11-07,610 Physicum,0.0,48.0,80.0,48.0,0.0,59.0,182.16
2023-11-07,620 Exactum,113.0,0.0,62.0,127.0,0.0,95.0,259.96
2023-11-08,600 Chemicum,299.0,343.0,0.0,0.0,0.0,376.0,788.15
2023-11-08,610 Physicum,1.0,64.0,74.0,17.0,0.0,76.0,165.64
2023-11-08,620 Exactum,14.0,211.0,0.0,26.0,0.0,171.0,279.36
2023-11-09,600 Chemicum,175.0,371.0,0.0,0.0,0.0,256.0,600.52
2023-11-09,610 Physicum,0.0,62.0,79.0,57.0,0.0,65.0,199.88
2023-11-09,620 Exactum,126.0,114.0,25.0,0.0,0.0,117.0,328.87
2023-11-10,600 Chemicum,251.0,46.0,0.0,276.0,0.0,252.0,590.44
2023-11-10,610 Physicum,0.0,31.0,53.0,8.0,0.0,37.0,98.91
2023-11-10,620 Exactum,82.0,122.0,0.0,0.0,0.0,97.0,285.37
2023-11-13,600 Chemicum,346.0,0.0,18.0,552.0,0.0,200.0,805.09
2023-11-13,610 Physicum,0.0,60.0,59.0,44.0,0.0,54.0,163.36
2023-11-13,620 Exactum,0.0,0.0,69.0,0.0,0.0,79.0,63.84
2023-11-14,600 Chemicum,431.0,0.0,0.0,0.0,0.0,505.0,634.13
2023-11-14,610 Physicum,0.0,73.0,90.0,18.0,0.0,50.0,186.05
2023-11-14,620 Exactum,0.0,0.0,105.0,194.0,0.0,59.0,281.33
2023-11-15,600 Chemicum,228.0,433.0,0.0,0.0,0.0,321.0,596.78
2023-11-15,610 Physicum,0.0,97.0,92.0,8.0,0.0,54.0,198.66
2023-11-15,620 Exactum,104.0,0.0,11.0,154.0,0.0,114.0,222.53
2023-11-16,600 Chemicum,138.0,463.0,0.0,0.0,0.0,241.0,805.95
2023-11-16,610 Physicum,0.0,57.0,65.0,40.0,0.0,57.0,160.97
2023-11-16,620 Exactum,18.0,109.0,49.0,0.0,0.0,320.0,244.03
2023-11-17,600 Chemicum,251.0,339.0,0.0,0.0,0.0,296.0,566.33
2023-11-17,610 Physicum,0.0,44.0,45.0,27.0,0.0,32.0,116.17
2023-11-17,620 Exactum,0.0,128.0,0.0,1.0,0.0,153.0,194.11
2023-11-20,600 Chemicum,127.0,1.0,0.0,411.0,0.0,396.0,743.22
2023-11-20,610 Physicum,0.0,33.0,85.0,49.0,0.0,53.0,165.83
2023-11-20,620 Exactum,162.0,43.0,0.0,0.0,0.0,160.0,249.5
2023-11-21,600 Chemicum,532.0,0.0,0.0,17.0,0.0,336.0,678.02
2023-11-21,610 Physicum,4.0,39.0,98.0,44.0,0.0,49.0,183.52
2023-11-21,620 Exactum,119.0,0.0,0.0,13.0,0.0,129.0,154.55
2023-11-22,600 Chemicum,338.0,299.0,0.0,0.0,0.0,281.0,623.86
2023-11-22,610 Physicum,0.0,35.0,78.0,62.0,0.0,82.0,190.93
2023-11-22,620 Exactum,125.0,152.0,0.0,34.0,0.0,142.0,378.42
2023-11-23,600 Chemicum,452.0,261.0,0.0,4.0,0.0,322.0,678.9
2023-11-23,610 Physicum,0.0,61.0,24.0,84.0,0.0,85.0,177.52
2023-11-23,620 Exactum,45.0,109.0,67.0,0.0,0.0,151.0,190.87
2023-11-24,600 Chemicum,251.0,0.0,0.0,311.0,0.0,232.0,608.6
2023-11-24,610 Physicum,0.0,72.0,48.0,5.0,0.0,35.0,122.31
2023-11-24,620 Exactum,87.0,91.0,0.0,0.0,0.0,128.0,181.93
2023-11-27,600 Chemicum,243.0,0.0,0.0,522.0,0.0,192.0,656.89
2023-11-27,610 Physicum,29.0,53.0,74.0,3.0,0.0,56.0,162.59
2023-11-27,620 Exactum,0.0,189.0,0.0,0.0,0.0,152.0,230.89
2023-11-28,600 Chemicum,264.0,0.0,0.0,54.0,0.0,469.0,391.59
2023-11-28,610 Physicum,0.0,48.0,98.0,20.0,0.0,42.0,162.23
2023-11-28,620 Exactum,129.0,165.0,42.0,0.0,0.0,128.0,348.45
2023-11-29,600 Chemicum,372.0,346.0,0.0,0.0,0.0,248.0,580.57
2023-11-29,610 Physicum,0.0,55.0,73.0,36.0,0.0,55.0,162.81
2023-11-29,620 Exactum,132.0,0.0,0.0,0.0,0.0,248.0,189.41
2023-11-30,600 Chemicum,342.0,71.0,0.0,163.0,0.0,242.0,433.59
2023-11-30,610 Physicum,0.0,35.0,75.0,52.0,0.0,62.0,167.83
2023-11-30,620 Exactum,21.0,14.0,41.0,209.0,0.0,158.0,278.3
2023-12-01,600 Chemicum,150.0,333.0,0.0,0.0,0.0,272.0,395.9
2023-12-01,610 Physicum,0.0,15.0,57.0,22.0,0.0,38.0,99.45
2023-12-01,620 Exactum,21.0,98.0,0.0,0.0,0.0,213.0,172.94
2023-12-04,600 Chemicum,168.0,27.0,0.0,439.0,0.0,264.0,659.05
2023-12-04,610 Physicum,0.0,42.0,54.0,31.0,0.0,42.0,128.53
2023-12-04,620 Exactum,147.0,17.0,0.0,0.0,0.0,198.0,175.64
2023-12-05,600 Chemicum,32.0,363.0,0.0,0.0,0.0,440.0,465.95
2023-12-05,610 Physicum,0.0,54.0,56.0,42.0,0.0,29.0,144.28
2023-12-05,620 Exactum,29.0,1.0,25.0,216.0,0.0,117.0,255.78
2023-12-07,600 Chemicum,300.0,152.0,0.0,278.0,0.0,265.0,686.94
2023-12-07,620 Exactum,115.0,67.0,0.0,20.0,0.0,142.0,176.62
2023-12-08,600 Chemicum,191.0,0.0,0.0,354.0,3.0,291.0,561.05
2023-12-08,620 Exactum,107.0,1.0,65.0,39.0,0.0,163.0,259.68
2023-12-11,600 Chemicum,130.0,0.0,0.0,411.0,1.0,359.0,528.98
2023-12-11,610 Physicum,0.0,60.0,72.0,18.0,0.0,43.0,152.86
2023-12-11,620 Exactum,125.0,88.0,0.0,0.0,0.0,94.0,194.52
2023-12-12,600 Chemicum,337.0,0.0,35.0,0.0,8.0,463.0,521.68
2023-12-12,610 Physicum,0.0,69.0,53.0,14.0,0.0,30.0,133.25
2023-12-12,620 Exactum,0.0,196.0,36.0,0.0,0.0,103.0,224.56
2023-12-13,600 Chemicum,345.0,238.0,0.0,0.0,0.0,189.0,477.28
2023-12-13,610 Physicum,23.0,67.0,37.0,15.0,0.0,43.0,142.78
2023-12-13,620 Exactum,98.0,128.0,5.0,0.0,0.0,122.0,234.81
2023-12-14,600 Chemicum,174.0,61.0,0.0,102.0,3.0,340.0,409.65
2023-12-14,610 Physicum,6.0,15.0,50.0,11.0,0.0,32.0,89.59
2023-12-15,600 Chemicum,220.0,318.0,0.0,0.0,0.0,223.0,406.39
2023-12-15,610 Physicum,0.0,28.0,39.0,13.0,0.0,43.0,88.05
2023-12-15,620 Exactum,35.0,0.0,0.0,129.0,0.0,116.0,188.63
2023-12-18,600 Chemicum,188.0,9.0,0.0,412.0,0.0,314.0,700.74
2023-12-19,600 Chemicum,404.0,0.0,41.0,10.0,0.0,436.0,546.38
2023-12-20,600 Chemicum,270.0,271.0,24.0,0.0,1.0,259.0,637.51
2023-12-21,600 Chemicum,125.0,373.0,0.0,0.0,2.0,202.0,557.28
2023-12-22,600 Chemicum,68.0,0.0,0.0,192.0,0.0,129.0,277.63
2023-12-27,600 Chemicum,0.0,0.0,0.0,115.0,0.0,62.0,102.83
2023-12-28,600 Chemicum,0.0,101.0,0.0,28.0,0.0,59.0,171.2
2023-12-29,600 Chemicum,107.0,15.0,0.0,0.0,0.0,70.0,145.88
2024-01-02,600 Chemicum,184.0,0.0,0.0,0.0,0.0,119.0,201.91
2024-01-03,600 Chemicum,103.0,149.0,0.0,0.0,0.0,131.0,245.17
2024-01-04,600 Chemicum,198.0,72.0,0.0,2.0,2.0,139.0,256.37
2024-01-05,600 Chemicum,107.0,0.0,0.0,147.0,0.0,169.0,294.86
2024-01-08,600 Chemicum,137.0,0.0,0.0,333.0,1.0,153.0,391.01
2024-01-08,610 Physicum,5.0,16.0,13.0,5.0,0.0,10.0,40.83
2024-01-09,600 Chemicum,265.0,64.0,0.0,17.0,2.0,343.0,391.72
2024-01-09,610 Physicum,6.0,27.0,17.0,4.0,0.0,17.0,53.47
2024-01-10,600 Chemicum,315.0,192.0,0.0,1.0,0.0,235.0,494.81
2024-01-10,610 Physicum,0.0,22.0,26.0,15.0,0.0,24.0,64.69
2024-01-11,600 Chemicum,249.0,58.0,0.0,155.0,2.0,235.0,369.17
2024-01-11,610 Physicum,0.0,17.0,25.0,17.0,0.0,24.0,61.75
2024-01-12,600 Chemicum,157.0,191.0,0.0,32.0,1.0,230.0,337.04
2024-01-12,610 Physicum,0.0,18.0,19.0,8.0,0.0,18.0,49.03
2024-01-15,600 Chemicum,184.0,84.0,0.0,422.0,151.0,246.0,794.8
2024-01-15,610 Physicum,0.0,80.0,54.0,21.0,0.0,45.0,161.04
2024-01-15,620 Exactum,130.0,0.0,128.0,0.0,3.0,101.0,245.66
2024-01-16,600 Chemicum,18.0,282.0,0.0,30.0,135.0,477.0,519.36
2024-01-16,610 Physicum,0.0,72.0,75.0,49.0,0.0,58.0,198.71
2024-01-16,620 Exactum,162.0,154.0,31.0,0.0,0.0,174.0,436.66
2024-01-17,600 Chemicum,80.0,428.0,0.0,1.0,141.0,283.0,644.04
2024-01-17,610 Physicum,0.0,74.0,66.0,37.0,0.0,48.0,171.01
2024-01-17,620 Exactum,0.0,199.0,0.0,0.0,0.0,169.0,243.23
2024-01-18,600 Chemicum,334.0,123.0,0.0,1.0,160.0,261.0,556.48
2024-01-18,610 Physicum,11.0,61.0,45.0,20.0,0.0,42.0,135.98
2024-01-18,620 Exactum,0.0,131.0,28.0,8.0,0.0,175.0,206.78
2024-01-19,600 Chemicum,112.0,0.0,0.0,298.0,126.0,276.0,533.11
2024-01-19,610 Physicum,2.0,39.0,41.0,18.0,0.0,27.0,102.25
2024-01-19,620 Exactum,80.0,132.0,0.0,0.0,0.0,76.0,217.09
2024-01-22,600 Chemicum,124.0,0.0,0.0,408.0,122.0,314.0,559.6
2024-01-22,610 Physicum,0.0,65.0,71.0,44.0,0.0,62.0,179.12
2024-01-22,620 Exactum,176.0,27.0,75.0,0.0,1.0,79.0,234.78
2024-01-23,600 Chemicum,305.0,0.0,0.0,47.0,143.0,450.0,594.43
2024-01-23,610 Physicum,1.0,53.0,60.0,59.0,0.0,76.0,187.07
2024-01-23,620 Exactum,0.0,1.0,134.0,208.0,0.0,138.0,365.91
2024-01-24,600 Chemicum,327.0,297.0,0.0,5.0,143.0,228.0,630.42
2024-01-24,610 Physicum,0.0,59.0,63.0,50.0,0.0,67.0,183.5
2024-01-24,620 Exactum,101.0,1.0,0.0,136.0,0.0,109.0,198.52
2024-01-25,600 Chemicum,270.0,69.0,0.0,78.0,168.0,305.0,565.02
2024-01-25,610 Physicum,0.0,101.0,68.0,16.0,0.0,52.0,182.02
2024-01-25,620 Exactum,22.0,144.0,33.0,2.0,1.0,205.0,237.74
2024-01-26,600 Chemicum,159.0,318.0,0.0,0.0,143.0,218.0,468.38
2024-01-26,610 Physicum,0.0,56.0,51.0,19.0,0.0,27.0,122.16
2024-01-26,620 Exactum,0.0,134.0,43.0,0.0,0.0,141.0,228.45
2024-01-29,600 Chemicum,130.0,126.0,0.0,305.0,134.0,231.0,666.32
2024-01-29,610 Physicum,0.0,91.0,70.0,24.0,0.0,49.0,179.49
2024-01-29,620 Exactum,189.0,20.0,0.0,0.0,0.0,160.0,248.34
2024-01-30,600 Chemicum,314.0,1.0,0.0,42.0,127.0,444.0,562.32
2024-01-30,610 Physicum,0.0,58.0,85.0,48.0,0.0,48.0,192.7
2024-01-30,620 Exactum,133.0,147.0,0.0,0.0,0.0,139.0,244.18
2024-01-31,600 Chemicum,222.0,262.0,0.0,0.0,146.0,242.0,563.56
2024-01-31,610 Physicum,0.0,51.0,49.0,69.0,0.0,42.0,163.28
2024-01-31,620 Exactum,117.0,174.0,0.0,0.0,0.0,111.0,256.38
2024-02-01,600 Chemicum,102.0,395.0,0.0,0.0,160.0,254.0,658.67
2024-02-01,610 Physicum,0.0,31.0,33.0,30.0,0.0,91.0,119.63
2024-02-01,620 Exactum,182.0,0.0,21.0,0.0,0.0,152.0,188.05
2024-02-02,600 Chemicum,188.0,0.0,0.0,276.0,2.0,253.0,490.06
2024-02-05,600 Chemicum,253.0,0.0,0.0,449.0,163.0,184.0,736.17
2024-02-05,610 Physicum,0.0,51.0,78.0,28.0,0.0,45.0,160.68
2024-02-05,620 Exactum,0.0,183.0,0.0,0.0,0.0,113.0,212.84
2024-02-06,600 Chemicum,364.0,0.0,0.0,31.0,230.0,345.0,661.96
2024-02-06,610 Physicum,0.0,67.0,83.0,44.0,0.0,52.0,198.07
2024-02-06,620 Exactum,71.0,204.0,28.0,0.0,3.0,117.0,295.18
2024-02-07,600 Chemicum,206.0,341.0,0.0,4.0,148.0,213.0,568.49
2024-02-07,610 Physicum,0.0,79.0,60.0,49.0,0.0,50.0,184.59
2024-02-07,620 Exactum,143.0,0.0,0.0,0.0,0.0,311.0,244.86
2024-02-08,600 Chemicum,90.0,410.0,0.0,5.0,153.0,220.0,789.17
2024-02-08,610 Physicum,0.0,87.0,83.0,31.0,0.0,41.0,197.77
2024-02-08,620 Exactum,30.0,0.0,34.0,184.0,0.0,164.0,236.59
2024-02-09,600 Chemicum,201.0,250.0,0.0,1.0,97.0,223.0,471.8
2024-02-09,610 Physicum,0.0,54.0,49.0,17.0,0.0,35.0,123.43
2024-02-09,620 Exactum,0.0,123.0,0.0,0.0,0.0,184.0,152.71
2024-02-12,600 Chemicum,67.0,89.0,0.0,348.0,158.0,294.0,647.6
2024-02-12,610 Physicum,4.0,53.0,71.0,39.0,0.0,47.0,168.34
2024-02-12,620 Exactum,109.0,21.0,0.0,0.0,0.0,158.0,147.7
2024-02-13,600 Chemicum,332.0,0.0,0.0,1.0,130.0,406.0,548.09
2024-02-13,610 Physicum,13.0,44.0,82.0,44.0,0.0,34.0,185.25
2024-02-13,620 Exactum,22.0,0.0,20.0,137.0,0.0,144.0,238.76
2024-02-14,600 Chemicum,154.0,237.0,0.0,0.0,93.0,245.0,452.89
2024-02-14,610 Physicum,13.0,16.0,16.0,20.0,0.0,24.0,69.07
2024-02-15,600 Chemicum,270.0,202.0,0.0,5.0,84.0,218.0,517.32
2024-02-15,610 Physicum,0.0,27.0,35.0,17.0,0.0,22.0,87.83
2024-02-16,600 Chemicum,203.0,0.0,0.0,262.0,126.0,237.0,574.25
2024-02-16,610 Physicum,0.0,51.0,54.0,29.0,0.0,35.0,132.4
2024-02-16,620 Exactum,97.0,0.0,54.0,0.0,0.0,151.0,184.09
2024-02-19,600 Chemicum,224.0,0.0,0.0,427.0,134.0,186.0,624.84
2024-02-19,610 Physicum,1.0,46.0,70.0,27.0,0.0,49.0,146.07
2024-02-19,620 Exactum,17.0,110.0,73.0,0.0,0.0,102.0,242.77
2024-02-20,600 Chemicum,319.0,0.0,0.0,37.0,137.0,374.0,524.77
2024-02-20,610 Physicum,1.0,107.0,68.0,38.0,0.0,48.0,205.47
2024-02-20,620 Exactum,0.0,211.0,35.0,0.0,0.0,158.0,292.52
2024-02-21,600 Chemicum,257.0,271.0,0.0,0.0,130.0,233.0,574.51
2024-02-21,610 Physicum,0.0,40.0,61.0,47.0,0.0,51.0,154.47
2024-02-21,620 Exactum,129.0,0.0,95.0,0.0,0.0,122.0,216.56
2024-02-22,600 Chemicum,289.0,0.0,4.0,142.0,124.0,220.0,410.58
2024-02-22,610 Physicum,19.0,37.0,86.0,26.0,0.0,60.0,179.26
2024-02-22,620 Exactum,97.0,91.0,18.0,0.0,0.0,144.0,204.61
2024-02-23,600 Chemicum,88.0,295.0,0.0,34.0,160.0,243.0,453.54
2024-02-23,610 Physicum,16.0,25.0,30.0,24.0,0.0,24.0,96.83
2024-02-23,620 Exactum,14.0,22.0,0.0,114.0,0.0,113.0,139.99
2024-02-26,600 Chemicum,135.0,22.0,0.0,364.0,138.0,219.0,625.24
2024-02-26,610 Physicum,7.0,43.0,67.0,41.0,0.0,40.0,156.71
2024-02-26,620 Exactum,125.0,115.0,0.0,24.0,0.0,99.0,246.88
2024-02-27,600 Chemicum,99.0,200.0,0.0,21.0,163.0,426.0,526.65
2024-02-27,610 Physicum,19.0,67.0,79.0,52.0,0.0,54.0,214.64
2024-02-27,620 Exactum,34.0,0.0,0.0,137.0,0.0,204.0,233.02
2024-02-28,600 Chemicum,116.0,390.0,0.0,0.0,151.0,253.0,604.22
2024-02-28,610 Physicum,2.0,65.0,57.0,50.0,0.0,45.0,172.15
2024-02-28,620 Exactum,0.0,181.0,0.0,9.0,0.0,200.0,354.81
2024-02-29,600 Chemicum,338.0,186.0,0.0,1.0,157.0,257.0,623.19
2024-02-29,610 Physicum,1.0,68.0,68.0,42.0,0.0,36.0,177.84
2024-02-29,620 Exactum,0.0,82.0,26.0,2.0,0.0,154.0,121.78
2024-03-01,600 Chemicum,149.0,0.0,0.0,257.0,109.0,271.0,513.13
2024-03-01,610 Physicum,0.0,55.0,35.0,13.0,0.0,28.0,105.22
2024-03-01,620 Exactum,53.0,158.0,0.0,0.0,100.0,104.0,290.53
2024-03-04,600 Chemicum,135.0,0.0,0.0,405.0,168.0,317.0,608.15
2024-03-04,610 Physicum,1.0,37.0,54.0,24.0,0.0,31.0,119.97
2024-03-05,600 Chemicum,316.0,0.0,0.0,43.0,146.0,479.0,612.94
2024-03-05,610 Physicum,1.0,48.0,47.0,49.0,0.0,27.0,141.86
2024-03-06,600 Chemicum,335.0,230.0,0.0,0.0,160.0,286.0,680.93
2024-03-06,610 Physicum,0.0,54.0,44.0,31.0,0.0,28.0,122.4
2024-03-07,600 Chemicum,262.0,49.0,0.0,79.0,172.0,371.0,581.13
2024-03-07,610 Physicum,0.0,57.0,43.0,29.0,0.0,25.0,127.11
2024-03-08,600 Chemicum,157.0,319.0,0.0,27.0,136.0,247.0,501.24
2024-03-08,610 Physicum,1.0,40.0,37.0,20.0,0.0,23.0,96.16
2024-03-11,600 Chemicum,181.0,14.0,0.0,285.0,149.0,225.0,616.65
2024-03-11,610 Physicum,20.0,57.0,60.0,25.0,0.0,35.0,165.78
2024-03-11,620 Exactum,197.0,1.0,0.0,0.0,0.0,169.0,240.69
2024-03-12,600 Chemicum,310.0,0.0,0.0,26.0,113.0,409.0,518.11
2024-03-12,610 Physicum,18.0,46.0,58.0,58.0,0.0,38.0,181.65
2024-03-12,620 Exactum,1.0,177.0,0.0,0.0,0.0,132.0,208.33
2024-03-13,600 Chemicum,191.0,250.0,0.0,1.0,155.0,243.0,535.66
2024-03-13,610 Physicum,0.0,56.0,64.0,53.0,0.0,35.0,167.78
2024-03-13,620 Exactum,100.0,115.0,1.0,0.0,2.0,103.0,268.91
2024-03-14,600 Chemicum,106.0,416.0,0.0,0.0,144.0,205.0,645.62
2024-03-14,610 Physicum,0.0,70.0,64.0,43.0,0.0,45.0,177.84
2024-03-14,620 Exactum,12.0,46.0,23.0,93.0,0.0,160.0,209.37
2024-03-15,600 Chemicum,116.0,56.0,0.0,260.0,136.0,217.0,541.82
2024-03-15,610 Physicum,0.0,41.0,33.0,24.0,0.0,25.0,95.63
2024-03-15,620 Exactum,172.0,63.0,0.0,3.0,0.0,103.0,234.16
2024-03-18,600 Chemicum,264.0,0.0,0.0,389.0,143.0,147.0,633.78
2024-03-18,610 Physicum,0.0,30.0,81.0,45.0,0.0,50.0,159.76
2024-03-18,620 Exactum,12.0,115.0,0.0,0.0,0.0,223.0,220.97
2024-03-19,600 Chemicum,353.0,1.0,0.0,0.0,152.0,370.0,591.07
2024-03-19,610 Physicum,0.0,44.0,84.0,72.0,0.0,54.0,200.46
2024-03-19,620 Exactum,0.0,141.0,69.0,0.0,0.0,134.0,213.31
2024-03-20,600 Chemicum,223.0,282.0,0.0,0.0,127.0,175.0,516.97
2024-03-20,610 Physicum,0.0,54.0,67.0,59.0,0.0,53.0,178.62
2024-03-20,620 Exactum,0.0,173.0,19.0,31.0,0.0,277.0,321.98
2024-03-21,600 Chemicum,117.0,340.0,0.0,0.0,165.0,233.0,694.79
2024-03-21,610 Physicum,0.0,86.0,74.0,11.0,0.0,45.0,173.07
2024-03-21,620 Exactum,15.0,2.0,74.0,117.0,0.0,151.0,228.01
2024-03-22,600 Chemicum,273.0,69.0,0.0,0.0,128.0,368.0,552.83
2024-03-22,610 Physicum,0.0,55.0,29.0,14.0,0.0,26.0,101.52
2024-03-22,620 Exactum,38.0,88.0,0.0,0.0,2.0,93.0,192.13
2024-03-25,600 Chemicum,112.0,0.0,0.0,335.0,143.0,287.0,596.5
2024-03-25,610 Physicum,0.0,91.0,51.0,19.0,0.0,43.0,158.87
2024-03-25,620 Exactum,0.0,147.0,0.0,0.0,0.0,174.0,168.87
2024-03-26,600 Chemicum,353.0,0.0,0.0,15.0,160.0,303.0,548.78
2024-03-26,610 Physicum,0.0,35.0,59.0,66.0,0.0,42.0,159.75
2024-03-26,620 Exactum,0.0,27.0,53.0,154.0,0.0,117.0,274.86
2024-03-27,600 Chemicum,153.0,267.0,0.0,0.0,141.0,261.0,473.05
2024-03-27,610 Physicum,32.0,42.0,74.0,35.0,0.0,52.0,186.42
2024-03-27,620 Exactum,64.0,97.0,0.0,22.0,1.0,171.0,207.15
2024-03-28,600 Chemicum,277.0,115.0,0.0,0.0,108.0,178.0,390.81
2024-03-28,610 Physicum,11.0,6.0,29.0,7.0,0.0,22.0,58.25
2024-04-02,600 Chemicum,110.0,0.0,0.0,368.0,164.0,137.0,520.07
2024-04-02,610 Physicum,0.0,4.0,33.0,1.0,0.0,34.0,50.12
2024-04-03,600 Chemicum,248.0,230.0,0.0,14.0,149.0,191.0,532.99
2024-04-03,610 Physicum,0.0,42.0,22.0,1.0,0.0,19.0,65.42
2024-04-04,600 Chemicum,226.0,78.0,0.0,92.0,154.0,268.0,428.98
2024-04-04,610 Physicum,0.0,38.0,52.0,14.0,0.0,29.0,103.92
2024-04-04,620 Exactum,0.0,92.0,0.0,41.0,0.0,122.0,148.83
2024-04-05,600 Chemicum,138.0,256.0,0.0,52.0,114.0,189.0,442.71
2024-04-05,610 Physicum,0.0,12.0,48.0,16.0,0.0,31.0,73.46
2024-04-05,620 Exactum,55.0,0.0,0.0,74.0,0.0,108.0,143.33
2024-04-08,600 Chemicum,142.0,33.0,0.0,328.0,147.0,264.0,634.49
2024-04-08,610 Physicum,0.0,38.0,56.0,49.0,0.0,45.0,143.69
2024-04-08,620 Exactum,24.0,150.0,0.0,0.0,0.0,128.0,202.89
2024-04-09,600 Chemicum,70.0,248.0,0.0,25.0,157.0,385.0,505.48
2024-04-09,610 Physicum,0.0,51.0,68.0,64.0,0.0,50.0,184.31
2024-04-09,620 Exactum,171.0,0.0,0.0,104.0,0.0,125.0,282.05
2024-04-10,600 Chemicum,93.0,354.0,0.0,0.0,133.0,265.0,561.75
2024-04-10,610 Physicum,36.0,72.0,54.0,37.0,0.0,60.0,205.38
2024-04-10,620 Exactum,104.0,0.0,0.0,56.0,0.0,162.0,204.41
2024-04-11,600 Chemicum,208.0,219.0,0.0,2.0,157.0,284.0,511.08
2024-04-11,610 Physicum,18.0,53.0,43.0,23.0,0.0,41.0,140.11
2024-04-11,620 Exactum,0.0,79.0,27.0,0.0,0.0,131.0,109.38
2024-04-12,600 Chemicum,152.0,0.0,0.0,258.0,133.0,251.0,506.84
2024-04-12,610 Physicum,14.0,49.0,30.0,7.0,0.0,27.0,103.82
2024-04-12,620 Exactum,45.0,126.0,0.0,0.0,0.0,79.0,183.74
2024-04-15,600 Chemicum,103.0,0.0,0.0,386.0,140.0,276.0,526.6
2024-04-15,610 Physicum,0.0,50.0,38.0,40.0,0.0,42.0,128.93
2024-04-15,620 Exactum,90.0,0.0,38.0,0.0,0.0,200.0,190.47
2024-04-16,600 Chemicum,267.0,0.0,0.0,39.0,166.0,417.0,548.92
2024-04-16,610 Physicum,0.0,44.0,59.0,46.0,0.0,39.0,150.66
2024-04-16,620 Exactum,0.0,139.0,38.0,0.0,0.0,151.0,212.59
2024-04-17,600 Chemicum,243.0,286.0,0.0,1.0,145.0,175.0,553.78
2024-04-17,610 Physicum,0.0,100.0,80.0,24.0,0.0,53.0,203.35
2024-04-17,620 Exactum,109.0,0.0,0.0,152.0,0.0,91.0,238.64
2024-04-18,600 Chemicum,272.0,0.0,0.0,83.0,142.0,362.0,537.31
2024-04-18,610 Physicum,0.0,99.0,54.0,19.0,0.0,37.0,162.88
2024-04-18,620 Exactum,0.0,90.0,32.0,74.0,0.0,86.0,169.3
2024-04-19,600 Chemicum,156.0,285.0,0.0,14.0,115.0,218.0,433.38
2024-04-19,610 Physicum,0.0,41.0,33.0,27.0,0.0,34.0,104.35
2024-04-19,620 Exactum,52.0,97.0,0.0,0.0,0.0,170.0,187.16
2024-04-22,600 Chemicum,154.0,0.0,0.0,348.0,139.0,213.0,652.47
2024-04-22,610 Physicum,0.0,64.0,57.0,26.0,0.0,48.0,153.55
2024-04-22,620 Exactum,175.0,13.0,0.0,0.0,2.0,159.0,273.87
2024-04-23,600 Chemicum,240.0,0.0,0.0,71.0,116.0,245.0,447.74
2024-04-23,610 Physicum,14.0,38.0,50.0,40.0,0.0,42.0,142.67
2024-04-23,620 Exactum,0.0,147.0,0.0,1.0,0.0,182.0,256.01
2024-04-24,600 Chemicum,283.0,141.0,0.0,0.0,137.0,245.0,543.38
2024-04-24,610 Physicum,8.0,44.0,32.0,29.0,0.0,37.0,114.27
2024-04-24,620 Exactum,89.0,11.0,0.0,99.0,0.0,113.0,212.84
2024-04-25,600 Chemicum,116.0,378.0,0.0,0.0,149.0,175.0,628.97
2024-04-25,610 Physicum,13.0,49.0,26.0,27.0,0.0,37.0,117.65
2024-04-25,620 Exactum,0.0,0.0,23.0,125.0,0.0,169.0,156.91
2024-04-26,600 Chemicum,68.0,120.0,0.0,251.0,135.0,215.0,530.04
2024-04-26,610 Physicum,0.0,30.0,35.0,22.0,0.0,20.0,86.87
2024-04-26,620 Exactum,100.0,0.0,34.0,4.0,0.0,141.0,190.36
2024-04-29,600 Chemicum,193.0,0.0,0.0,414.0,162.0,165.0,630.5
2024-04-29,610 Physicum,0.0,63.0,50.0,28.0,0.0,47.0,148.74
2024-04-29,620 Exactum,96.0,76.0,14.0,1.0,0.0,85.0,195.02
2024-04-30,600 Chemicum,145.0,0.0,0.0,113.0,123.0,346.0,468.58
2024-04-30,610 Physicum,0.0,37.0,52.0,14.0,0.0,23.0,101.07
2024-04-30,620 Exactum,25.0,0.0,26.0,172.0,0.0,78.0,231.79
2024-05-02,600 Chemicum,122.0,328.0,0.0,0.0,161.0,221.0,717.58
2024-05-02,610 Physicum,0.0,33.0,40.0,42.0,0.0,37.0,115.14
2024-05-02,620 Exactum,86.0,47.0,0.0,0.0,0.0,116.0,144.32
2024-05-03,600 Chemicum,110.0,342.0,0.0,0.0,121.0,233.0,512.87
2024-05-03,610 Physicum,0.0,37.0,23.0,19.0,0.0,24.0,79.11
2024-05-03,620 Exactum,0.0,81.0,0.0,24.0,0.0,219.0,239.76
2024-05-06,600 Chemicum,77.0,79.0,0.0,281.0,147.0,241.0,547.61
2024-05-06,610 Physicum,0.0,48.0,30.0,24.0,0.0,33.0,102.33
2024-05-06,620 Exactum,0.0,112.0,0.0,27.0,0.0,147.0,166.35
2024-05-07,600 Chemicum,325.0,0.0,0.0,39.0,169.0,309.0,526.57
2024-05-07,610 Physicum,10.0,55.0,32.0,36.0,0.0,31.0,128.91
2024-05-07,620 Exactum,0.0,112.0,29.0,0.0,0.0,85.0,123.04
2024-05-08,600 Chemicum,147.0,248.0,0.0,0.0,151.0,222.0,458.33
2024-05-08,610 Physicum,0.0,33.0,28.0,12.0,0.0,28.0,80.5
2024-05-08,620 Exactum,20.0,0.0,112.0,74.0,0.0,46.0,198.01
2024-05-10,600 Chemicum,217.0,0.0,0.0,232.0,108.0,254.0,557.38
2024-05-13,600 Chemicum,237.0,0.0,0.0,344.0,178.0,213.0,604.23
2024-05-13,610 Physicum,0.0,21.0,14.0,14.0,0.0,24.0,52.8
2024-05-14,600 Chemicum,284.0,0.0,0.0,27.0,133.0,341.0,526.35
2024-05-14,610 Physicum,0.0,24.0,22.0,11.0,0.0,28.0,62.08
2024-05-15,600 Chemicum,287.0,236.0,0.0,1.0,139.0,169.0,530.33
2024-05-15,610 Physicum,0.0,9.0,24.0,17.0,0.0,30.0,60.57
2024-05-16,600 Chemicum,190.0,71.0,1.0,168.0,124.0,231.0,411.19
2024-05-16,610 Physicum,11.0,26.0,29.0,10.0,0.0,30.0,80.36
2024-05-17,600 Chemicum,116.0,251.0,0.0,48.0,104.0,231.0,408.88
2024-05-17,610 Physicum,0.0,41.0,19.0,9.0,0.0,18.0,65.98
2024-05-20,600 Chemicum,152.0,14.0,0.0,303.0,162.0,264.0,617.8
2024-05-20,610 Physicum,0.0,28.0,14.0,10.0,0.0,24.0,55.07
2024-05-21,600 Chemicum,0.0,151.0,0.0,176.0,179.0,393.0,529.89
2024-05-21,610 Physicum,15.0,14.0,8.0,7.0,0.0,18.0,45.58
2024-05-22,600 Chemicum,104.0,306.0,0.0,0.0,808.0,333.0,1023.61
2024-05-22,610 Physicum,0.0,23.0,31.0,11.0,0.0,20.0,71.23
2024-05-23,600 Chemicum,230.0,242.0,0.0,2.0,150.0,218.0,562.19
2024-05-23,610 Physicum,0.0,27.0,22.0,5.0,0.0,31.0,64.42
2024-05-24,600 Chemicum,84.0,133.0,0.0,205.0,128.0,257.0,514.36
2024-05-24,610 Physicum,0.0,25.0,13.0,11.0,0.0,21.0,51.34
2024-05-27,600 Chemicum,90.0,42.0,0.0,305.0,177.0,292.0,534.08
2024-05-27,610 Physicum,0.0,28.0,23.0,7.0,0.0,24.0,62.36
2024-05-28,600 Chemicum,239.0,0.0,0.0,47.0,196.0,369.0,516.37
2024-05-28,610 Physicum,0.0,23.0,35.0,7.0,0.0,26.0,71.84
2024-05-29,600 Chemicum,236.0,233.0,0.0,0.0,143.0,186.0,479.5
2024-05-29,610 Physicum,0.0,36.0,16.0,4.0,0.0,22.0,58.85
2024-05-30,600 Chemicum,278.0,49.0,0.0,70.0,168.0,258.0,507.16
2024-05-30,610 Physicum,0.0,25.0,19.0,7.0,0.0,27.0,61.5
2024-05-31,600 Chemicum,156.0,231.0,0.0,20.0,122.0,193.0,402.0
2024-05-31,610 Physicum,0.0,21.0,16.0,4.0,0.0,26.0,49.29
2024-06-03,600 Chemicum,97.0,23.0,0.0,245.0,135.0,197.0,506.3
2024-06-03,610 Physicum,12.0,16.0,19.0,3.0,0.0,16.0,51.25
2024-06-04,600 Chemicum,230.0,0.0,0.0,113.0,127.0,217.0,461.63
2024-06-04,610 Physicum,0.0,22.0,16.0,11.0,0.0,11.0,47.23
2024-06-05,600 Chemicum,116.0,198.0,0.0,0.0,170.0,235.0,451.47
2024-06-05,610 Physicum,0.0,17.0,18.0,5.0,0.0,19.0,48.41
2024-06-06,600 Chemicum,1.0,266.0,0.0,0.0,135.0,293.0,441.11
2024-06-06,610 Physicum,0.0,19.0,10.0,10.0,0.0,18.0,42.88
2024-06-07,600 Chemicum,149.0,20.0,0.0,211.0,113.0,174.0,496.29
2024-06-07,610 Physicum,0.0,18.0,22.0,4.0,0.0,20.0,47.2
2024-06-10,600 Chemicum,170.0,0.0,0.0,252.0,166.0,171.0,514.02
2024-06-10,610 Physicum,7.0,27.0,10.0,6.0,0.0,15.0,51.12
2024-06-11,600 Chemicum,250.0,0.0,0.0,0.0,141.0,270.0,442.21
2024-06-11,610 Physicum,6.0,14.0,30.0,5.0,0.0,18.0,56.91
2024-06-12,600 Chemicum,22.0,270.0,0.0,0.0,128.0,268.0,374.82
2024-06-12,610 Physicum,10.0,1.0,30.0,6.0,0.0,20.0,48.89
2024-06-13,600 Chemicum,47.0,266.0,0.0,0.0,30.0,301.0,500.02
2024-06-13,610 Physicum,0.0,0.0,25.0,6.0,0.0,28.0,41.26
2024-06-14,600 Chemicum,103.0,218.0,0.0,0.0,310.0,174.0,514.46
2024-06-14,610 Physicum,0.0,2.0,14.0,9.0,0.0,15.0,27.1
2024-06-17,600 Chemicum,118.0,8.0,0.0,224.0,143.0,259.0,532.12
